title,author
Neon Skyfall,Derek Lang
Wings of Valor,Ava Carter
The Hidden Ledger,Julian Frost
Letters to Autumn,Julian Frost
Velvet Rebellion,Rina Valdez
Silent Directive,Noah Blackwood
Notes from the River,Omar Khalid
Harvest of Bones,Noah Blackwood
Fading Maze,Omar Khalid
Echoes of Andromeda,Noah Blackwood
Thorns of Eloria,Derek Lang
Whispers in the Fog,Mira Hoshino
Trigger Line,Lucia Cheng
Crimson Mirror,Samuel North
Burning Maze,Derek Lang
Terraformers,Isabel Moreau
Hearts in Bloom,Rina Valdez
When Empires Fall,Mira Hoshino
Manhunt,Rina Valdez
Room Nine,Ava Carter
Cursed Whisper,Lucia Cheng
The Dragon's Pact,Derek Lang
"Love, Rewritten",Omar Khalid
Vault Protocol,Ava Carter
How We Were,Rina Valdez
Voices Underneath,Samuel North
Burning Whisper,Isabel Moreau
Galactic Drift,Mira Hoshino
Echoes in the Walls,Derek Lang
Sunset Promises,Ava Carter
Dust and Honor,Julian Frost
Glass Gardens,Isabel Moreau
Burning Truth,Mira Hoshino
Quantum Collapse,Lucia Cheng
Operation Chimera,Isabel Moreau
The Hollowing,Julian Frost
Cursed Maze,Samuel North
The Paris Proposal,Mira Hoshino
The Iron Quill,Julian Frost
The Longest Season,Noah Blackwood
Twisted Storm,Rina Valdez
The Final Clue,Rina Valdez
Hidden Storm,Mira Hoshino
Shattered Storm,Derek Lang
Burning Storm,Rina Valdez
Ashen Crown,Omar Khalid
Beneath the Silk Sky,Ava Carter
Cursed Pulse,Samuel North
Painted Silence,Samuel North
Cursed Storm,Noah Blackwood
Dead by Dawn,Rina Valdez
Frozen Storm,Noah Blackwood
Shattered Truth,Samuel North
Frozen Truth,Samuel North
Burning Kingdom,Noah Blackwood
Blazing Truth,Noah Blackwood
Moonlit Dagger,Derek Lang
Frozen Kingdom,Ava Carter
Fading Path,Noah Blackwood
Burning Pulse,Samuel North
Frozen Reckoning,Lucia Cheng
Burning Path,Mira Hoshino
Frozen Maze,Samuel North
Hidden Pulse,Noah Blackwood
Hidden Maze,Mira Hoshino
Shattered Whisper,Mira Hoshino
Blazing Pulse,Rina Valdez
Cursed Reckoning,Ava Carter
Hidden Reckoning,Rina Valdez
Frozen Whisper,Ava Carter
Twisted Reckoning,Julian Frost
Fading Kingdom,Isabel Moreau
Cursed Truth,Omar Khalid
Twisted Path,Samuel North
Blazing Path,Julian Frost
Shattered Pulse,Isabel Moreau
Burning Reckoning,Julian Frost
Hidden Path,Ava Carter
Frozen Path,Lucia Cheng
Blazing Kingdom,Lucia Cheng
Twisted Truth,Ava Carter
Blazing Maze,Mira Hoshino
Frozen Pulse,Isabel Moreau
Shattered Reckoning,Derek Lang
Cursed Path,Ava Carter
Shattered Path,Rina Valdez
Shattered Kingdom,Noah Blackwood
Twisted Maze,Mira Hoshino
Blazing Reckoning,Isabel Moreau
Twisted Pulse,Omar Khalid
Fading Pulse,Julian Frost
Blazing Storm,Ava Carter
Fading Reckoning,Noah Blackwood
Shattered Maze,Derek Lang
Fading Truth,Rina Valdez
Fading Storm,Ava Carter
Hidden Whisper,Omar Khalid
Hidden Kingdom,Noah Blackwood
Twisted Whisper,Omar Khalid
Blazing Whisper,Isabel Moreau
